,ESTADO,MUNICIPIO,MUJERES_INSEGURAS,TOTAL_MUJERES,TRIMESTRES,PERCEPCION_INSEGURIDAD,FEMINICIDIO,VIOLENCIA_FAMILIAR,VIOLENCIA_GENERO,TOTAL_DELITOS,POBLACION,FECHA
0,Aguascalientes,Aguascalientes,65,130,2022-Q1,50000.0,0.3342625833149489,46.68534080298787,0.4456834444199318,47.46528683072275,897498,2022-01-01
1,Aguascalientes,Jesus maria,7,9,2022-Q1,77777.77777777778,0.8605111436193099,37.86249031924964,0.0,38.72300146286894,116210,2022-01-01
2,Baja california,Mexicali,111,144,2022-Q1,77083.33333333334,0.20321754336408354,105.97794886436957,0.0,106.18116640773364,984167,2022-01-01
3,Baja california,Tijuana,120,136,2022-Q1,88235.29411764706,0.17342915101227704,64.16878587454251,0.0,64.34221502555478,1729813,2022-01-01
4,Baja california sur,La paz,58,136,2022-Q1,42647.05882352941,0.36776604195475004,77.96640089440702,0.0,78.33416693636175,271912,2022-01-01
5,Baja california sur,Los cabos,43,129,2022-Q1,33333.33333333333,0.0,90.35100314127325,0.0,90.35100314127325,285553,2022-01-01
6,Campeche,Campeche,67,137,2022-Q1,48905.109489051094,0.3496919214172314,83.57636921871831,0.0,83.92606114013554,285966,2022-01-01
7,Campeche,Carmen,79,126,2022-Q1,62698.4126984127,0.0,6.763068573288415,0.0,6.763068573288415,236579,2022-01-01
8,Chiapas,Chiapa de corzo,8,15,2022-Q1,53333.333333333336,0.0,13.832488563496064,0.0,13.832488563496064,101211,2022-01-01
9,Chiapas,Tapachula,114,137,2022-Q1,83211.67883211678,0.28708738365783776,46.50815615256972,0.0,46.79524353622756,348326,2022-01-01
10,Chiapas,Tuxtla gutierrez,117,141,2022-Q1,82978.72340425532,0.0,11.715089034676664,0.0,11.715089034676664,606056,2022-01-01
11,Chihuahua,Chihuahua,84,146,2022-Q1,57534.24657534246,0.22210327358014928,81.51190140391479,0.6663098207404479,82.40031449823539,900482,2022-01-01
12,Chihuahua,Juarez,116,141,2022-Q1,82269.50354609928,0.2813111632005615,121.17478354864186,0.14065558160028074,121.59675029344271,1421913,2022-01-01
13,Ciudad de mexico,Alvaro obregon,108,150,2022-Q1,72000.0,0.12834943904877663,84.5822803331438,0.0,84.71062977219258,779123,2022-01-01
14,Ciudad de mexico,Azcapotzalco,126,147,2022-Q1,85714.28571428571,0.22425899222494075,95.31007169559982,0.0,95.53433068782475,445913,2022-01-01
15,Ciudad de mexico,Benito juarez,39,138,2022-Q1,28260.86956521739,0.0,63.71000836618971,0.0,63.71000836618971,441061,2022-01-01
16,Ciudad de mexico,Coyoacan,78,144,2022-Q1,54166.666666666664,0.0,84.80517770817835,0.0,84.80517770817835,653262,2022-01-01
17,Ciudad de mexico,Cuajimalpa de morelos,60,133,2022-Q1,45112.781954887214,0.0,70.5205266794771,0.0,70.5205266794771,211286,2022-01-01
18,Ciudad de mexico,Cuauhtemoc,86,131,2022-Q1,65648.85496183205,0.17697893419746247,116.0981808335354,0.0,116.27515976773284,565039,2022-01-01
19,Ciudad de mexico,Gustavo a. madero,113,160,2022-Q1,70625.0,0.08169827845387642,90.60339080534895,0.0,90.68508908380284,1224016,2022-01-01
20,Ciudad de mexico,Iztacalco,104,144,2022-Q1,72222.22222222222,0.24146715443031863,123.87265022275344,0.0,124.11411737718377,414135,2022-01-01
21,Ciudad de mexico,Iztapalapa,122,146,2022-Q1,83561.64383561644,0.10623475863197251,74.41744842169675,0.0,74.52368318032872,1882623,2022-01-01
22,Ciudad de mexico,La magdalena contreras,100,139,2022-Q1,71942.44604316546,0.0,117.74944964931143,0.0,117.74944964931143,253929,2022-01-01
23,Ciudad de mexico,Miguel hidalgo,95,155,2022-Q1,61290.32258064516,0.0,67.26698073826704,0.0,67.26698073826704,419225,2022-01-01
24,Ciudad de mexico,Milpa alta,88,158,2022-Q1,55696.20253164557,0.6910659000442283,110.57054400707652,0.0,111.26160990712074,144704,2022-01-01
25,Ciudad de mexico,Tlahuac,91,130,2022-Q1,70000.0,0.0,125.52366095181027,0.0,125.52366095181027,387178,2022-01-01
26,Ciudad de mexico,Tlalpan,105,153,2022-Q1,68627.45098039215,0.42645196231870464,85.00609115552845,0.0,85.43254311784716,703479,2022-01-01
27,Ciudad de mexico,Venustiano carranza,94,157,2022-Q1,59872.61146496815,0.4339213691087038,93.07613367381697,0.0,93.51005504292567,460913,2022-01-01
28,Ciudad de mexico,Xochimilco,117,147,2022-Q1,79591.83673469388,0.4582657391368106,88.21615478383605,0.0,88.67442052297285,436428,2022-01-01
29,Coahuila de zaragoza,Matamoros,10,13,2022-Q1,76923.07692307692,0.8814300320840532,95.19444346507774,0.0,96.0758734971618,113452,2022-01-01
30,Coahuila de zaragoza,Nava,3,4,2022-Q1,75000.0,0.0,86.03289103603454,0.0,86.03289103603454,30221,2022-01-01
31,Coahuila de zaragoza,Piedras negras,43,136,2022-Q1,31617.647058823528,0.0,128.03472789571876,0.0,128.03472789571876,164018,2022-01-01
32,Coahuila de zaragoza,Ramos arizpe,4,9,2022-Q1,44444.444444444445,0.0,83.78154737277616,0.0,83.78154737277616,96680,2022-01-01
33,Coahuila de zaragoza,Saltillo,37,122,2022-Q1,30327.868852459018,0.12377417154852628,117.95678548574556,0.0,118.08055965729409,807923,2022-01-01
34,Coahuila de zaragoza,Torreon,41,79,2022-Q1,51898.73417721519,0.2871133480431072,113.40977247702735,0.0,113.69688582507045,696589,2022-01-01
35,Colima,Colima,50,54,2022-Q1,92592.5925925926,0.0,197.13135476603452,0.0,197.13135476603452,156241,2022-01-01
36,Colima,Manzanillo,115,142,2022-Q1,80985.91549295775,0.0,148.58756741735525,0.0,148.58756741735525,176327,2022-01-01
37,Colima,Villa de alvarez,88,94,2022-Q1,93617.02127659574,0.0,133.80621119799721,0.0,133.80621119799721,139007,2022-01-01
38,Durango,Durango,69,142,2022-Q1,48591.54929577465,0.15294027682190106,97.88177716601666,0.0,98.03471744283857,653850,2022-01-01
39,Durango,Gomez palacio,21,38,2022-Q1,55263.15789473685,0.2821176882148157,81.81412958229654,0.0,82.09624727051137,354462,2022-01-01
40,Durango,Lerdo,8,13,2022-Q1,61538.46153846154,0.0,72.83936967931167,0.0,72.83936967931167,153763,2022-01-01
41,Guanajuato,Guanajuato,118,168,2022-Q1,70238.09523809524,0.0,114.60803523800973,0.0,114.60803523800973,189341,2022-01-01
42,Guanajuato,Irapuato,149,161,2022-Q1,92546.58385093167,0.0,80.61174781871544,0.0,80.61174781871544,576839,2022-01-01
43,Guanajuato,Leon,118,141,2022-Q1,83687.94326241134,0.06214109633050612,37.968209857939236,0.0,38.03035095426974,1609241,2022-01-01
44,Guanajuato,Purisima del rincon,3,4,2022-Q1,75000.0,0.0,20.639568633015568,0.0,20.639568633015568,77521,2022-01-01
45,Guanajuato,San francisco del rincon,13,15,2022-Q1,86666.66666666667,0.0,28.700581186769032,0.0,28.700581186769032,125433,2022-01-01
46,Guerrero,Acapulco de juarez,94,123,2022-Q1,76422.76422764228,0.0,38.996059926398004,6.744601559597139,45.74066148599514,815467,2022-01-01
47,Guerrero,Chilpancingo de los bravo,116,146,2022-Q1,79452.05479452055,0.0,75.23688715557317,1.0903896689213501,76.32727682449452,275131,2022-01-01
48,Guerrero,Zihuatanejo de azueta,96,141,2022-Q1,68085.10638297872,0.0,34.548975180980385,0.0,34.548975180980385,124461,2022-01-01
49,Hidalgo,Mineral de la reforma,24,38,2022-Q1,63157.8947368421,0.0,95.39061009521718,0.0,95.39061009521718,172973,2022-01-01
50,Hidalgo,Pachuca de soto,55,99,2022-Q1,55555.555555555555,0.3274415680521811,105.7636264808545,0.0,106.09106804890668,305398,2022-01-01
51,Jalisco,Guadalajara,130,148,2022-Q1,87837.83783783784,0.0,45.84283658899892,0.0,45.84283658899892,1496417,2022-01-01
52,Jalisco,Puerto vallarta,54,139,2022-Q1,38848.92086330936,0.36662804851222336,42.16222557890569,0.0,42.52885362741791,272756,2022-01-01
53,Jalisco,San pedro tlaquepaque,100,137,2022-Q1,72992.700729927,0.0,45.0880664378752,0.0,45.0880664378752,656493,2022-01-01
54,Jalisco,Tlajomulco de zuniga,101,142,2022-Q1,71126.76056338029,0.17328740061967574,61.34373981936521,0.0,61.51702721998489,577076,2022-01-01
55,Jalisco,Tonala,105,136,2022-Q1,77205.88235294117,0.0,50.41381338486745,0.0,50.41381338486745,523666,2022-01-01
56,Jalisco,Zapopan,97,151,2022-Q1,64238.410596026486,0.2155562644961588,38.51271925664704,0.0,38.728275521143196,1391748,2022-01-01
57,Mexico,Almoloya de juarez,4,4,2022-Q1,100000.0,0.0,44.00999212779014,4.3390133083736755,48.349005436163814,161327,2022-01-01
58,Mexico,Atizapan de zaragoza,107,162,2022-Q1,66049.38271604938,0.5746487938121818,28.923989288546483,2.490144773186121,31.988782855544788,522058,2022-01-01
59,Mexico,Chimalhuacan,116,146,2022-Q1,79452.05479452055,0.29727488116436623,23.7819904931493,2.5268364898971134,26.606101864210782,672778,2022-01-01
60,Mexico,Cuautitlan izcalli,135,151,2022-Q1,89403.97350993377,0.0,43.143465676369395,3.640798791254801,46.7842644676242,549330,2022-01-01
61,Mexico,Ecatepec de morelos,137,152,2022-Q1,90131.57894736841,0.2357841325531236,29.649854668555296,3.6546540545734163,33.54029285568184,1696467,2022-01-01
62,Mexico,Lerma,4,7,2022-Q1,57142.85714285714,0.647295276686366,33.65935438769104,5.178362213490928,39.485011877868324,154489,2022-01-01
63,Mexico,Metepec,10,16,2022-Q1,62500.0,0.0,40.85707185368956,2.527241557960179,43.38431341164974,237413,2022-01-01
64,Mexico,Naucalpan de juarez,131,154,2022-Q1,85064.93506493507,0.11617856180234774,39.61688957460058,1.742678427035216,41.475746563438136,860744,2022-01-01
65,Mexico,Nezahualcoyotl,125,158,2022-Q1,79113.92405063291,0.0,25.643111552840725,1.945339497112055,27.58845104995278,1130908,2022-01-01
66,Mexico,San mateo atenco,1,4,2022-Q1,25000.0,1.1504964392135206,58.675318399889555,4.6019857568540825,64.42780059595715,86919,2022-01-01
67,Mexico,Tlalnepantla de baz,109,131,2022-Q1,83206.106870229,0.290840135356999,20.06796933963293,2.1813010151774925,22.54011049016742,687663,2022-01-01
68,Mexico,Toluca,78,90,2022-Q1,86666.66666666667,0.0,50.66059632208534,5.579360828423496,56.239957150508836,896160,2022-01-01
69,Mexico,Zinacantepec,13,14,2022-Q1,92857.14285714286,1.052542943752105,41.57544627820815,2.631357359380263,45.25934658134052,190016,2022-01-01
70,Michoacan de ocampo,Lazaro cardenas,80,135,2022-Q1,59259.259259259255,0.0,14.352922414480503,0.0,14.352922414480503,188115,2022-01-01
71,Michoacan de ocampo,Morelia,128,155,2022-Q1,82580.64516129032,0.48649430984092856,16.905677266972265,0.0,17.392171576813194,822209,2022-01-01
72,Michoacan de ocampo,Uruapan,141,153,2022-Q1,92156.86274509803,0.2878658775303411,1.4393293876517053,0.0,1.7271952651820464,347384,2022-01-01
73,Morelos,Cuernavaca,52,57,2022-Q1,91228.0701754386,0.7652787910635845,91.32326906692107,0.0,92.08854785798466,392014,2022-01-01
74,Morelos,Emiliano zapata,17,21,2022-Q1,80952.38095238095,0.0,74.6657938610398,0.0,74.6657938610398,97769,2022-01-01
75,Morelos,Jiutepec,24,33,2022-Q1,72727.27272727274,0.4663635303719249,55.03089658388714,0.0,55.49726011425906,214425,2022-01-01
76,Morelos,Temixco,13,16,2022-Q1,81250.0,0.0,84.85327105159247,0.0,84.85327105159247,119029,2022-01-01
77,Morelos,Xochitepec,6,6,2022-Q1,100000.0,1.4738393515106853,92.85187914517317,0.0,94.32571849668386,67850,2022-01-01
78,Nayarit,Tepic,72,145,2022-Q1,49655.1724137931,0.0,34.54823948936253,0.0,34.54823948936253,413914,2022-01-01
79,Nayarit,Xalisco,4,17,2022-Q1,23529.41176470588,0.0,6.829201666325207,0.0,6.829201666325207,58572,2022-01-01
80,Nuevo leon,Apodaca,54,121,2022-Q1,44628.09917355372,0.0,66.15984012226748,0.0,66.15984012226748,584947,2022-01-01
81,Nuevo leon,General escobedo,85,124,2022-Q1,68548.38709677418,0.48001113625836117,108.962527930648,0.0,109.44253906690635,416657,2022-01-01
82,Nuevo leon,Guadalupe,87,144,2022-Q1,60416.666666666664,0.7513994815343578,56.80580080399745,0.0,57.5572002855318,665425,2022-01-01
83,Nuevo leon,Monterrey,99,130,2022-Q1,76153.84615384616,0.2603979053592493,68.05065260055048,0.0,68.31105050590973,1152083,2022-01-01
84,Nuevo leon,San nicolas de los garza,47,133,2022-Q1,35338.34586466165,0.0,45.24709298970167,0.0,45.24709298970167,433177,2022-01-01
85,Nuevo leon,San pedro garza garcia,18,136,2022-Q1,13235.29411764706,0.0,52.74104887832417,0.0,52.74104887832417,134620,2022-01-01
86,Nuevo leon,Santa catarina,85,121,2022-Q1,70247.93388429753,0.0,66.95065771216073,0.0,66.95065771216073,288272,2022-01-01
87,Oaxaca,Animas trujano,1,1,2022-Q1,100000.0,0.0,114.4950767117014,0.0,114.4950767117014,4367,2022-01-01
88,Oaxaca,Oaxaca de juarez,68,86,2022-Q1,79069.76744186046,0.34963323473676117,93.70170690945199,0.0,94.05134014418874,286014,2022-01-01
89,Oaxaca,San agustin yatareni,1,3,2022-Q1,33333.33333333333,0.0,19.646365422396855,0.0,19.646365422396855,5090,2022-01-01
90,Oaxaca,San agustin de las juntas,2,4,2022-Q1,50000.0,0.0,99.83028850953379,0.0,99.83028850953379,10017,2022-01-01
91,Oaxaca,San andres huayapam,2,3,2022-Q1,66666.66666666666,0.0,85.295121119072,0.0,85.295121119072,5862,2022-01-01
92,Oaxaca,San antonio de la cal,4,4,2022-Q1,100000.0,0.0,63.406515019418244,0.0,63.406515019418244,25234,2022-01-01
93,Oaxaca,San pablo etla,1,1,2022-Q1,100000.0,0.0,29.090062834535722,0.0,29.090062834535722,17188,2022-01-01
94,Oaxaca,San sebastian tutla,5,5,2022-Q1,100000.0,0.0,67.04659738518271,0.0,67.04659738518271,17898,2022-01-01
95,Oaxaca,Santa cruz amilpas,4,5,2022-Q1,80000.0,0.0,104.97416020671835,0.0,104.97416020671835,12384,2022-01-01
96,Oaxaca,Santa cruz xoxocotlan,25,28,2022-Q1,89285.71428571429,0.0,90.04523448838417,0.0,90.04523448838417,94397,2022-01-01
97,Oaxaca,Santa lucia del camino,9,16,2022-Q1,56250.0,0.0,92.72045768396133,0.0,92.72045768396133,50690,2022-01-01
98,Oaxaca,Santa maria del tule,6,9,2022-Q1,66666.66666666666,0.0,43.42633807404191,0.0,43.42633807404191,9211,2022-01-01
99,Oaxaca,Tlalixtac de cabrera,5,5,2022-Q1,100000.0,0.0,53.29070077271516,0.0,53.29070077271516,11259,2022-01-01
100,Puebla,Amozoc,9,9,2022-Q1,100000.0,0.0,53.32736984251223,0.0,53.32736984251223,116263,2022-01-01
101,Puebla,Cuautlancingo,4,6,2022-Q1,66666.66666666666,0.0,49.47778447477083,0.0,49.47778447477083,111161,2022-01-01
102,Puebla,Juan c. bonilla,2,3,2022-Q1,66666.66666666666,0.0,50.0751126690035,0.0,50.0751126690035,21967,2022-01-01
103,Puebla,Puebla,100,121,2022-Q1,82644.62809917355,0.0,38.32568300572871,0.0,38.32568300572871,1688163,2022-01-01
104,Puebla,San andres cholula,4,4,2022-Q1,100000.0,0.0,40.16216421020725,0.0,40.16216421020725,131965,2022-01-01
105,Puebla,San pedro cholula,6,10,2022-Q1,60000.0,0.7415097137772505,40.041524543971526,0.0,40.78303425774878,134860,2022-01-01
106,Queretaro,Corregidora,11,24,2022-Q1,45833.33333333333,0.0,25.650121428766337,2.728736322209185,28.378857750975524,183235,2022-01-01
107,Queretaro,Queretaro,69,114,2022-Q1,60526.31578947369,0.10551584056556491,57.82268062992957,8.652298926376323,66.58049539687146,947725,2022-01-01
108,Quintana roo,Benito juarez,120,133,2022-Q1,90225.56390977443,0.12846716828813645,76.30949796315305,0.0,76.43796513144119,778409,2022-01-01
109,Quintana roo,Othon p. blanco,91,140,2022-Q1,65000.0,0.0,93.69856425607071,0.0,93.69856425607071,241199,2022-01-01
110,San luis potosi,San luis potosi,89,108,2022-Q1,82407.4074074074,0.0,99.47999614471988,0.0,99.47999614471988,871532,2022-01-01
111,San luis potosi,Soledad de graciano sanchez,29,41,2022-Q1,70731.70731707316,0.0,104.47083252222437,0.0,104.47083252222437,308220,2022-01-01
112,Sinaloa,Ahome,43,146,2022-Q1,29452.05479452055,0.22479083213070236,64.73975965364228,0.0,64.96455048577299,444858,2022-01-01
113,Sinaloa,Culiacan,90,147,2022-Q1,61224.489795918365,0.31625053367277556,59.665934019596996,0.0,59.98218455326976,948615,2022-01-01
114,Sinaloa,Mazatlan,68,149,2022-Q1,45637.58389261745,0.0,24.047107237551963,0.0,24.047107237551963,478228,2022-01-01
115,Sonora,Cajeme,127,134,2022-Q1,94776.11940298507,0.0,47.3753363532193,0.0,47.3753363532193,428493,2022-01-01
116,Sonora,Hermosillo,99,153,2022-Q1,64705.88235294118,0.1162225801877692,47.76748045717314,0.0,47.88370303736091,860418,2022-01-01
117,Sonora,Nogales,74,129,2022-Q1,57364.34108527132,0.0,65.00523768316364,0.0,65.00523768316364,241519,2022-01-01
118,Tabasco,Centro,106,131,2022-Q1,80916.03053435114,0.43971055319984703,108.16879608716236,0.0,108.60850664036221,682267,2022-01-01
119,Tabasco,Nacajuca,11,12,2022-Q1,91666.66666666666,0.0,47.83667822106433,0.0,47.83667822106433,135879,2022-01-01
120,Tamaulipas,Altamira,8,38,2022-Q1,21052.631578947367,0.0,44.46896642593035,0.0,44.46896642593035,242866,2022-01-01
121,Tamaulipas,Ciudad madero,8,42,2022-Q1,19047.619047619046,0.0,47.502101968012084,0.0,47.502101968012084,210517,2022-01-01
122,Tamaulipas,Nuevo laredo,92,131,2022-Q1,70229.00763358778,0.244709383136587,24.96035707993187,0.0,25.205066463068462,408648,2022-01-01
123,Tamaulipas,Reynosa,107,124,2022-Q1,86290.32258064517,0.0,58.98908777697575,0.0,58.98908777697575,659444,2022-01-01
124,Tamaulipas,Tampico,17,58,2022-Q1,29310.344827586203,0.0,40.189695362109155,0.0,40.189695362109155,311025,2022-01-01
125,Tamaulipas,Victoria,87,141,2022-Q1,61702.12765957447,0.289636795458495,73.85738284191623,0.0,74.14701963737473,345260,2022-01-01
126,Tlaxcala,Apetatitlan de antonio carvajal,3,4,2022-Q1,75000.0,0.0,13.162224415926293,0.0,13.162224415926293,15195,2022-01-01
127,Tlaxcala,Apizaco,14,17,2022-Q1,82352.94117647059,0.0,2.424800863229107,0.0,2.424800863229107,82481,2022-01-01
128,Tlaxcala,Chiautempan,3,5,2022-Q1,60000.0,0.0,11.040269382572935,0.0,11.040269382572935,72462,2022-01-01
129,Tlaxcala,Contla de juan cuamatzi,6,8,2022-Q1,75000.0,0.0,2.65188681747063,0.0,2.65188681747063,37709,2022-01-01
130,Tlaxcala,Mazatecochco de jose maria morelos,5,5,2022-Q1,100000.0,0.0,0.0,0.0,0.0,10749,2022-01-01
131,Tlaxcala,Nativitas,4,4,2022-Q1,100000.0,0.0,7.729468599033816,0.0,7.729468599033816,25875,2022-01-01
132,Tlaxcala,Papalotla de xicohtencatl,1,9,2022-Q1,11111.111111111111,0.0,0.0,0.0,0.0,31345,2022-01-01
133,Tlaxcala,San damian texoloc,1,2,2022-Q1,50000.0,0.0,18.12250815512867,0.0,18.12250815512867,5518,2022-01-01
134,Tlaxcala,San francisco tetlanohcan,1,2,2022-Q1,50000.0,0.0,8.913450396648543,0.0,8.913450396648543,11219,2022-01-01
135,Tlaxcala,San jeronimo zacualpan,2,4,2022-Q1,50000.0,0.0,0.0,0.0,0.0,4052,2022-01-01
136,Tlaxcala,San pablo del monte,2,4,2022-Q1,50000.0,1.295001295001295,7.77000777000777,0.0,9.065009065009065,77220,2022-01-01
137,Tlaxcala,Santa cruz quilehtla,1,2,2022-Q1,50000.0,0.0,0.0,0.0,0.0,7108,2022-01-01
138,Tlaxcala,Santa isabel xiloxoxtla,3,4,2022-Q1,75000.0,0.0,0.0,0.0,0.0,5084,2022-01-01
139,Tlaxcala,Tetla de la solidaridad,14,18,2022-Q1,77777.77777777778,0.0,0.0,0.0,0.0,32765,2022-01-01
140,Tlaxcala,Tlaxcala,10,20,2022-Q1,50000.0,0.0,49.044139725753176,0.0,49.044139725753176,99910,2022-01-01
141,Tlaxcala,Tocatlan,2,5,2022-Q1,40000.0,0.0,0.0,0.0,0.0,6008,2022-01-01
142,Tlaxcala,Totolac,3,3,2022-Q1,100000.0,0.0,22.151337940811626,0.0,22.151337940811626,22572,2022-01-01
143,Tlaxcala,Xaloztoc,6,8,2022-Q1,75000.0,0.0,0.0,0.0,0.0,23783,2022-01-01
144,Tlaxcala,Yauhquemehcan,4,7,2022-Q1,57142.85714285714,0.0,0.0,0.0,0.0,38994,2022-01-01
145,Tlaxcala,Zacatelco,6,11,2022-Q1,54545.454545454544,0.0,11.381225530365109,0.0,11.381225530365109,43932,2022-01-01
146,Veracruz de ignacio de la llave,Boca del rio,31,44,2022-Q1,70454.54545454546,0.0,44.67649549567572,10.002200484106503,54.67869597978222,149967,2022-01-01
147,Veracruz de ignacio de la llave,Coatzacoalcos,126,144,2022-Q1,87500.0,0.6272404243908711,39.51614673662488,13.485669124403731,53.62905628541948,318857,2022-01-01
148,Veracruz de ignacio de la llave,Cosoleacaque,1,1,2022-Q1,100000.0,0.7720457668730601,16.212961104334266,3.0881830674922406,20.073189938699564,129526,2022-01-01
149,Veracruz de ignacio de la llave,Panuco,1,3,2022-Q1,33333.33333333333,0.0,30.643826801090924,0.0,30.643826801090924,97899,2022-01-01
150,Veracruz de ignacio de la llave,Pueblo viejo,5,13,2022-Q1,38461.53846153846,0.0,12.31462097355875,0.0,12.31462097355875,56843,2022-01-01
151,Veracruz de ignacio de la llave,Veracruz,68,93,2022-Q1,73118.27956989247,0.163890363902164,56.869956274050914,11.636215837053644,68.67006247500672,610164,2022-01-01
152,Veracruz de ignacio de la llave,Xalapa,80,124,2022-Q1,64516.12903225806,0.19760229376742605,46.04133444781027,6.916080281859912,53.15501702343761,506067,2022-01-01
153,Yucatan,Kanasin,2,10,2022-Q1,20000.0,0.0,0.0,0.0,0.0,111134,2022-01-01
154,Yucatan,Merida,30,116,2022-Q1,25862.068965517243,0.0,2.856683369447454,0.0,2.856683369447454,945152,2022-01-01
155,Yucatan,Progreso,8,12,2022-Q1,66666.66666666666,1.6649462222370217,0.0,0.0,1.6649462222370217,60062,2022-01-01
156,Yucatan,Uman,1,8,2022-Q1,12500.0,0.0,0.0,0.0,0.0,60275,2022-01-01
157,Zacatecas,Fresnillo,157,163,2022-Q1,96319.01840490797,0.4318609753148267,65.21100727253882,0.0,65.64286824785366,231556,2022-01-01
158,Zacatecas,Guadalupe,65,72,2022-Q1,90277.77777777778,0.5223759748841631,86.19203585588691,0.0,86.71441183077108,191433,2022-01-01
159,Zacatecas,Zacatecas,73,75,2022-Q1,97333.33333333334,0.0,79.59120885000736,0.0,79.59120885000736,149514,2022-01-01
160,Aguascalientes,Aguascalientes,72,130,2022-Q2,55384.61538461539,0.11142086110498295,60.278685857795786,0.3342625833149489,60.72436930221572,897498,2022-04-01
161,Aguascalientes,Jesus maria,8,9,2022-Q2,88888.88888888889,0.0,43.02555718096549,0.0,43.02555718096549,116210,2022-04-01
162,Baja california,Mexicali,119,145,2022-Q2,82068.96551724138,0.0,138.39114703094089,0.0,138.39114703094089,984167,2022-04-01
163,Baja california,Tijuana,120,142,2022-Q2,84507.04225352113,0.05780971700409235,77.52283050248784,0.0,77.58064021949194,1729813,2022-04-01
164,Baja california sur,La paz,60,132,2022-Q2,45454.545454545456,0.0,100.76789549560152,0.36776604195475004,101.13566153755627,271912,2022-04-01
165,Baja california sur,Los cabos,38,122,2022-Q2,31147.54098360656,0.0,136.5770977716921,0.0,136.5770977716921,285553,2022-04-01
166,Campeche,Campeche,76,145,2022-Q2,52413.79310344828,0.3496919214172314,82.87698537588385,0.0,83.22667729730108,285966,2022-04-01
167,Campeche,Carmen,101,139,2022-Q2,72661.87050359712,0.8453835716610518,24.093431792339977,0.0,24.93881536400103,236579,2022-04-01
168,Chiapas,Chiapa de corzo,9,11,2022-Q2,81818.18181818182,0.0,14.820523460888637,0.0,14.820523460888637,101211,2022-04-01
169,Chiapas,Tapachula,135,148,2022-Q2,91216.21621621621,0.28708738365783776,27.560388831152423,0.0,27.84747621481026,348326,2022-04-01
170,Chiapas,Tuxtla gutierrez,128,146,2022-Q2,87671.23287671233,0.0,11.055084018638542,0.0,11.055084018638542,606056,2022-04-01
171,Chihuahua,Chihuahua,103,152,2022-Q2,67763.15789473685,0.11105163679007464,101.50119602612823,0.6663098207404479,102.27855748365874,900482,2022-04-01
172,Chihuahua,Juarez,109,148,2022-Q2,73648.64864864865,0.2813111632005615,153.10360057190562,0.3516389540007019,153.73655068910685,1421913,2022-04-01
173,Ciudad de mexico,Alvaro obregon,118,147,2022-Q2,80272.10884353741,0.25669887809755326,92.92499387131429,0.0,93.18169274941184,779123,2022-04-01
174,Ciudad de mexico,Azcapotzalco,102,139,2022-Q2,73381.29496402877,0.22425899222494075,111.23246014357059,0.0,111.45671913579554,445913,2022-04-01
175,Ciudad de mexico,Benito juarez,45,135,2022-Q2,33333.33333333333,0.22672600842060395,81.16791101457622,0.0,81.39463702299682,441061,2022-04-01
176,Ciudad de mexico,Coyoacan,84,146,2022-Q2,57534.24657534246,0.0,103.48068615654974,0.0,103.48068615654974,653262,2022-04-01
177,Ciudad de mexico,Cuajimalpa de morelos,59,147,2022-Q2,40136.054421768706,0.0,81.87953768825194,0.0,81.87953768825194,211286,2022-04-01
178,Ciudad de mexico,Cuauhtemoc,97,138,2022-Q2,70289.85507246378,0.7079157367898499,135.56586359525625,0.0,136.2737793320461,565039,2022-04-01
179,Ciudad de mexico,Gustavo a. madero,96,151,2022-Q2,63576.158940397356,0.08169827845387642,105.22738264859284,0.0,105.30908092704671,1224016,2022-04-01
180,Ciudad de mexico,Iztacalco,105,138,2022-Q2,76086.95652173914,0.0,156.47071607084646,0.0,156.47071607084646,414135,2022-04-01
181,Ciudad de mexico,Iztapalapa,105,139,2022-Q2,75539.56834532374,0.10623475863197251,90.29954483717664,0.0,90.40577959580861,1882623,2022-04-01
182,Ciudad de mexico,La magdalena contreras,85,133,2022-Q2,63909.77443609023,0.3938108683923459,144.92239956838327,0.0,145.31621043677563,253929,2022-04-01
183,Ciudad de mexico,Miguel hidalgo,71,149,2022-Q2,47651.00671140939,0.0,87.7810245095116,0.0,87.7810245095116,419225,2022-04-01
184,Ciudad de mexico,Milpa alta,96,150,2022-Q2,64000.0,0.0,160.32728881026094,0.0,160.32728881026094,144704,2022-04-01
185,Ciudad de mexico,Tlahuac,108,141,2022-Q2,76595.74468085106,0.516558275521853,140.24557180418307,0.0,140.76213007970495,387178,2022-04-01
186,Ciudad de mexico,Tlalpan,103,147,2022-Q2,70068.02721088435,0.28430130821246974,85.71684442605962,0.0,86.00114573427209,703479,2022-04-01
187,Ciudad de mexico,Venustiano carranza,99,160,2022-Q2,61875.0,0.0,107.17857816984984,0.0,107.17857816984984,460913,2022-04-01
188,Ciudad de mexico,Xochimilco,121,140,2022-Q2,86428.57142857143,0.2291328695684053,104.48458852319283,0.0,104.71372139276123,436428,2022-04-01
189,Coahuila de zaragoza,Matamoros,7,10,2022-Q2,70000.0,0.0,116.34876423509502,0.0,116.34876423509502,113452,2022-04-01
190,Coahuila de zaragoza,Nava,2,6,2022-Q2,33333.33333333333,0.0,178.6836967671487,0.0,178.6836967671487,30221,2022-04-01
191,Coahuila de zaragoza,Piedras negras,43,125,2022-Q2,34400.0,1.2193783609116073,149.98353839212768,0.0,151.2029167530393,164018,2022-04-01
192,Coahuila de zaragoza,Ramos arizpe,4,7,2022-Q2,57142.85714285714,0.0,117.91477037649979,0.0,117.91477037649979,96680,2022-04-01
193,Coahuila de zaragoza,Saltillo,45,124,2022-Q2,36290.32258064516,0.24754834309705256,166.35248656121934,0.0,166.60003490431637,807923,2022-04-01
194,Coahuila de zaragoza,Torreon,35,79,2022-Q2,44303.79746835443,0.1435566740215536,149.1553843083942,0.0,149.29894098241573,696589,2022-04-01
195,Colima,Colima,53,58,2022-Q2,91379.3103448276,0.0,207.37194462401033,0.0,207.37194462401033,156241,2022-04-01
196,Colima,Manzanillo,109,143,2022-Q2,76223.77622377622,0.0,178.64535777277445,0.0,178.64535777277445,176327,2022-04-01
197,Colima,Villa de alvarez,88,95,2022-Q2,92631.57894736843,0.0,214.37769320969448,0.0,214.37769320969448,139007,2022-04-01
198,Durango,Durango,84,147,2022-Q2,57142.85714285714,0.45882083046570316,148.35206851724402,0.0,148.81088934770972,653850,2022-04-01
199,Durango,Gomez palacio,24,35,2022-Q2,68571.42857142857,0.5642353764296314,111.4364868448522,2.821176882148157,114.82189910342998,354462,2022-04-01
200,Durango,Lerdo,5,15,2022-Q2,33333.33333333333,0.0,64.38479998439156,0.0,64.38479998439156,153763,2022-04-01
201,Guanajuato,Guanajuato,130,170,2022-Q2,76470.58823529411,0.0,141.0154166292562,0.0,141.0154166292562,189341,2022-04-01
202,Guanajuato,Irapuato,150,162,2022-Q2,92592.5925925926,0.0,88.06616750947838,0.0,88.06616750947838,576839,2022-04-01
203,Guanajuato,Leon,134,152,2022-Q2,88157.8947368421,0.2485643853220245,53.8141894222183,0.0,54.062753807540325,1609241,2022-04-01
204,Guanajuato,Purisima del rincon,4,4,2022-Q2,100000.0,0.0,34.829272068213776,0.0,34.829272068213776,77521,2022-04-01
205,Guanajuato,San francisco del rincon,12,14,2022-Q2,85714.28571428571,0.0,23.119912622675052,0.0,23.119912622675052,125433,2022-04-01
206,Guerrero,Acapulco de juarez,107,138,2022-Q2,77536.23188405797,0.12262911926540253,45.12751588966813,6.37671420180093,51.626859210734466,815467,2022-04-01
207,Guerrero,Chilpancingo de los bravo,136,157,2022-Q2,86624.20382165605,0.0,71.60225492583533,2.1807793378427003,73.78303426367802,275131,2022-04-01
208,Guerrero,Zihuatanejo de azueta,122,140,2022-Q2,87142.85714285714,0.0,33.745510641887826,0.0,33.745510641887826,124461,2022-04-01
209,Hidalgo,Mineral de la reforma,23,39,2022-Q2,58974.35897435898,0.0,105.79685846924087,0.0,105.79685846924087,172973,2022-04-01
210,Hidalgo,Pachuca de soto,58,102,2022-Q2,56862.74509803922,0.0,140.79987426243787,0.0,140.79987426243787,305398,2022-04-01
211,Jalisco,Guadalajara,126,146,2022-Q2,86301.3698630137,0.13365258480757702,50.78798222687927,0.0,50.92163481168685,1496417,2022-04-01
212,Jalisco,Puerto vallarta,75,148,2022-Q2,50675.67567567568,0.36662804851222336,56.09409142237018,0.0,56.4607194708824,272756,2022-04-01
213,Jalisco,San pedro tlaquepaque,98,141,2022-Q2,69503.54609929078,0.0,51.333372937716014,0.0,51.333372937716014,656493,2022-04-01
214,Jalisco,Tlajomulco de zuniga,104,140,2022-Q2,74285.71428571429,0.0,68.79509804601128,0.0,68.79509804601128,577076,2022-04-01
215,Jalisco,Tonala,109,143,2022-Q2,76223.77622377622,0.19096141433661915,50.03189055619422,0.0,50.22285197053084,523666,2022-04-01
216,Jalisco,Zapopan,91,141,2022-Q2,64539.00709219858,0.0,43.11125289923176,0.0,43.11125289923176,1391748,2022-04-01
217,Mexico,Almoloya de juarez,4,4,2022-Q2,100000.0,0.0,61.36604536128485,6.818449484587205,68.18449484587204,161327,2022-04-01
218,Mexico,Atizapan de zaragoza,121,155,2022-Q2,78064.51612903226,0.0,45.01415551528758,3.064793566998303,48.07894908228588,522058,2022-04-01
219,Mexico,Chimalhuacan,124,144,2022-Q2,86111.11111111111,0.0,44.59123217465494,2.080924168150564,46.67215634280551,672778,2022-04-01
220,Mexico,Cuautitlan izcalli,138,152,2022-Q2,90789.47368421053,0.18203993956274006,61.165419693080665,7.645677461635083,68.99313709427848,549330,2022-04-01
221,Mexico,Ecatepec de morelos,122,148,2022-Q2,82432.43243243244,0.2357841325531236,40.378032699722425,4.774628684200754,45.3884455164763,1696467,2022-04-01
222,Mexico,Lerma,6,7,2022-Q2,85714.28571428571,0.647295276686366,42.72148826130016,5.825657490177294,49.19444102816382,154489,2022-04-01
223,Mexico,Metepec,16,19,2022-Q2,84210.52631578947,0.0,69.92034977023162,9.266552379187322,79.18690214941894,237413,2022-04-01
224,Mexico,Naucalpan de juarez,137,160,2022-Q2,85625.0,0.3485356854070432,60.412852137220824,3.6015354158727795,64.36292323850064,860744,2022-04-01
225,Mexico,Nezahualcoyotl,122,159,2022-Q2,76729.55974842768,0.0884245225960025,42.44377084608121,3.6254054264361026,46.15760079511331,1130908,2022-04-01
226,Mexico,San mateo atenco,4,5,2022-Q2,80000.0,0.0,78.2337578665194,5.752482196067603,83.986240062587,86919,2022-04-01
227,Mexico,Tlalnepantla de baz,117,145,2022-Q2,80689.65517241378,0.4362602030354985,32.71951522766239,4.653442165711984,37.80921759640987,687663,2022-04-01
228,Mexico,Toluca,78,88,2022-Q2,88636.36363636363,0.0,74.87502231744331,6.137296911265846,81.01231922870916,896160,2022-04-01
229,Mexico,Zinacantepec,16,18,2022-Q2,88888.88888888889,0.0,59.46867632199394,8.42034355001684,67.88901987201078,190016,2022-04-01
230,Michoacan de ocampo,Lazaro cardenas,95,143,2022-Q2,66433.56643356643,0.0,9.037025223932169,0.0,9.037025223932169,188115,2022-04-01
231,Michoacan de ocampo,Morelia,125,150,2022-Q2,83333.33333333334,0.24324715492046428,20.432761013319,0.0,20.676008168239463,822209,2022-04-01
232,Michoacan de ocampo,Uruapan,140,154,2022-Q2,90909.09090909091,0.2878658775303411,1.7271952651820464,0.0,2.0150611427123875,347384,2022-04-01
233,Morelos,Cuernavaca,48,55,2022-Q2,87272.72727272726,0.2550929303545281,110.96542470421976,0.0,111.22051763457426,392014,2022-04-01
234,Morelos,Emiliano zapata,12,21,2022-Q2,57142.85714285714,1.0228190939868465,80.80270842496088,0.0,81.82552751894772,97769,2022-04-01
235,Morelos,Jiutepec,31,35,2022-Q2,88571.42857142857,0.4663635303719249,69.95452955578874,0.0,70.42089308616066,214425,2022-04-01
236,Morelos,Temixco,13,15,2022-Q2,86666.66666666667,0.0,96.61511060329836,0.0,96.61511060329836,119029,2022-04-01
237,Morelos,Xochitepec,5,6,2022-Q2,83333.33333333334,1.4738393515106853,82.53500368459838,0.0,84.00884303610907,67850,2022-04-01
238,Nayarit,Tepic,75,140,2022-Q2,53571.42857142857,0.24159608034519248,53.15113767594235,0.0,53.392733756287534,413914,2022-04-01
239,Nayarit,Xalisco,4,16,2022-Q2,25000.0,0.0,22.19490541555692,0.0,22.19490541555692,58572,2022-04-01
240,Nuevo leon,Apodaca,78,137,2022-Q2,56934.30656934306,0.512866977691996,102.91530685686052,0.0,103.42817383455252,584947,2022-04-01
241,Nuevo leon,General escobedo,101,134,2022-Q2,75373.13432835821,0.9600222725167223,144.48335201376673,0.0,145.44337428628344,416657,2022-04-01
242,Nuevo leon,Guadalupe,96,148,2022-Q2,64864.86486486487,0.7513994815343578,100.8378104219108,0.0,101.58920990344517,665425,2022-04-01
243,Nuevo leon,Monterrey,109,138,2022-Q2,78985.5072463768,0.17359860357283285,104.67995795441821,0.0,104.85355655799106,1152083,2022-04-01
244,Nuevo leon,San nicolas de los garza,53,136,2022-Q2,38970.58823529412,0.23085251525357994,72.02598475911695,0.0,72.25683727437053,433177,2022-04-01
245,Nuevo leon,San pedro garza garcia,21,132,2022-Q2,15909.090909090908,0.0,84.68281087505572,0.0,84.68281087505572,134620,2022-04-01
246,Nuevo leon,Santa catarina,85,120,2022-Q2,70833.33333333334,0.3468945995448743,101.98701226619305,0.0,102.33390686573792,288272,2022-04-01
247,Oaxaca,Animas trujano,3,3,2022-Q2,100000.0,0.0,137.3940920540417,0.0,137.3940920540417,4367,2022-04-01
248,Oaxaca,Oaxaca de juarez,72,88,2022-Q2,81818.18181818182,0.34963323473676117,99.99510513471368,0.34963323473676117,100.6943716041872,286014,2022-04-01
249,Oaxaca,San agustin yatareni,2,3,2022-Q2,66666.66666666666,0.0,58.93909626719057,0.0,58.93909626719057,5090,2022-04-01
250,Oaxaca,San agustin de las juntas,2,4,2022-Q2,50000.0,0.0,89.84725965858041,0.0,89.84725965858041,10017,2022-04-01
251,Oaxaca,San andres huayapam,1,3,2022-Q2,33333.33333333333,0.0,85.295121119072,0.0,85.295121119072,5862,2022-04-01
252,Oaxaca,San antonio de la cal,4,4,2022-Q2,100000.0,0.0,87.1839581517001,0.0,87.1839581517001,25234,2022-04-01
253,Oaxaca,San pablo etla,2,2,2022-Q2,100000.0,0.0,87.27018850360717,0.0,87.27018850360717,17188,2022-04-01
254,Oaxaca,Santa cruz amilpas,3,5,2022-Q2,60000.0,0.0,185.72351421188628,0.0,185.72351421188628,12384,2022-04-01
255,Oaxaca,Santa cruz xoxocotlan,22,28,2022-Q2,78571.42857142857,0.0,96.40136868756422,0.0,96.40136868756422,94397,2022-04-01
256,Oaxaca,Santa lucia del camino,12,18,2022-Q2,66666.66666666666,0.0,69.04714933912014,0.0,69.04714933912014,50690,2022-04-01
257,Oaxaca,Santa maria del tule,3,10,2022-Q2,30000.0,0.0,75.99609162957334,0.0,75.99609162957334,9211,2022-04-01
258,Oaxaca,Tlalixtac de cabrera,2,4,2022-Q2,50000.0,0.0,97.69961808331112,0.0,97.69961808331112,11259,2022-04-01
259,Puebla,Amozoc,10,10,2022-Q2,100000.0,0.0,43.866062289808454,0.0,43.866062289808454,116263,2022-04-01
260,Puebla,Cuautlancingo,5,5,2022-Q2,100000.0,0.0,44.080207986614006,0.0,44.080207986614006,111161,2022-04-01
261,Puebla,Juan c. bonilla,2,3,2022-Q2,66666.66666666666,0.0,45.522829699094096,0.0,45.522829699094096,21967,2022-04-01
262,Puebla,Puebla,109,123,2022-Q2,88617.8861788618,0.11847197219699757,47.80344078148852,0.0,47.92191275368552,1688163,2022-04-01
263,Puebla,San andres cholula,4,4,2022-Q2,100000.0,0.0,58.34880460728224,0.0,58.34880460728224,131965,2022-04-01
264,Puebla,San pedro cholula,12,13,2022-Q2,92307.69230769231,0.7415097137772505,51.90567996440753,0.0,52.64718967818478,134860,2022-04-01
265,Queretaro,Corregidora,8,17,2022-Q2,47058.82352941176,0.0,40.38529756869593,7.640461702185718,48.02575927088165,183235,2022-04-01
266,Queretaro,Queretaro,85,119,2022-Q2,71428.57142857143,0.10551584056556491,87.68366350998443,14.877733519744652,102.66691287029465,947725,2022-04-01
267,Quintana roo,Benito juarez,116,128,2022-Q2,90625.0,0.5138686731525458,94.93723736493284,0.0,95.45110603808537,778409,2022-04-01
268,Quintana roo,Othon p. blanco,97,142,2022-Q2,68309.85915492958,0.0,100.74668634612912,0.0,100.74668634612912,241199,2022-04-01
269,San luis potosi,San luis potosi,91,102,2022-Q2,89215.6862745098,0.11474047998237585,128.05037566033147,0.0,128.16511614031384,871532,2022-04-01
270,San luis potosi,Soledad de graciano sanchez,37,42,2022-Q2,88095.23809523809,0.0,136.2663032898579,0.0,136.2663032898579,308220,2022-04-01
271,Sinaloa,Ahome,60,145,2022-Q2,41379.31034482759,0.22479083213070236,78.22720958148443,0.0,78.45200041361512,444858,2022-04-01
272,Sinaloa,Culiacan,98,146,2022-Q2,67123.28767123287,0.0,78.64096603996352,0.0,78.64096603996352,948615,2022-04-01
273,Sinaloa,Mazatlan,81,138,2022-Q2,58695.65217391305,0.0,36.17521349649122,0.0,36.17521349649122,478228,2022-04-01
274,Sonora,Cajeme,120,129,2022-Q2,93023.25581395348,0.0,53.90986550538749,0.0,53.90986550538749,428493,2022-04-01
275,Sonora,Hermosillo,97,150,2022-Q2,64666.666666666664,0.1162225801877692,50.78926754205514,0.0,50.90549012224292,860418,2022-04-01
276,Sonora,Nogales,84,127,2022-Q2,66141.73228346457,1.2421382996782862,80.32494337919584,0.0,81.56708167887412,241519,2022-04-01
277,Tabasco,Centro,96,130,2022-Q2,73846.15384615384,0.0,147.30303532194876,0.0,147.30303532194876,682267,2022-04-01
278,Tabasco,Nacajuca,7,10,2022-Q2,70000.0,0.0,62.555656135237975,0.0,62.555656135237975,135879,2022-04-01
279,Tamaulipas,Altamira,17,39,2022-Q2,43589.74358974359,0.0,72.46794528670131,0.0,72.46794528670131,242866,2022-04-01
280,Tamaulipas,Ciudad madero,9,38,2022-Q2,23684.210526315786,0.0,76.00336314881933,0.0,76.00336314881933,210517,2022-04-01
281,Tamaulipas,Nuevo laredo,82,134,2022-Q2,61194.029850746265,0.244709383136587,47.228910945361285,0.0,47.47362032849788,408648,2022-04-01
282,Tamaulipas,Reynosa,105,123,2022-Q2,85365.85365853658,0.15164289916960347,91.7439539976101,0.0,91.89559689677971,659444,2022-04-01
283,Tamaulipas,Tampico,20,57,2022-Q2,35087.71929824561,0.0,59.15923157302468,0.0,59.15923157302468,311025,2022-04-01
284,Tamaulipas,Victoria,76,133,2022-Q2,57142.85714285714,0.289636795458495,92.97341134217692,0.0,93.26304813763541,345260,2022-04-01
285,Tlaxcala,Apetatitlan de antonio carvajal,2,4,2022-Q2,50000.0,0.0,6.581112207963146,0.0,6.581112207963146,15195,2022-04-01
286,Tlaxcala,Apizaco,9,14,2022-Q2,64285.71428571429,0.0,3.637201294843661,0.0,3.637201294843661,82481,2022-04-01
287,Tlaxcala,Chiautempan,2,3,2022-Q2,66666.66666666666,0.0,6.900168364108084,0.0,6.900168364108084,72462,2022-04-01
288,Tlaxcala,Contla de juan cuamatzi,4,8,2022-Q2,50000.0,0.0,15.911320904823782,0.0,15.911320904823782,37709,2022-04-01
289,Tlaxcala,Mazatecochco de jose maria morelos,4,6,2022-Q2,66666.66666666666,0.0,0.0,0.0,0.0,10749,2022-04-01
290,Tlaxcala,Nativitas,4,4,2022-Q2,100000.0,0.0,15.458937198067632,0.0,15.458937198067632,25875,2022-04-01
291,Tlaxcala,Panotla,2,3,2022-Q2,66666.66666666666,0.0,7.144643303683063,0.0,7.144643303683063,27993,2022-04-01
292,Tlaxcala,Papalotla de xicohtencatl,3,7,2022-Q2,42857.142857142855,0.0,6.38060296698038,0.0,6.38060296698038,31345,2022-04-01
293,Tlaxcala,San damian texoloc,1,2,2022-Q2,50000.0,0.0,0.0,0.0,0.0,5518,2022-04-01
294,Tlaxcala,San francisco tetlanohcan,3,3,2022-Q2,100000.0,0.0,0.0,0.0,0.0,11219,2022-04-01
295,Tlaxcala,San pablo del monte,6,10,2022-Q2,60000.0,0.0,3.885003885003885,0.0,3.885003885003885,77220,2022-04-01
296,Tlaxcala,Santa cruz quilehtla,1,2,2022-Q2,50000.0,0.0,14.068655036578503,0.0,14.068655036578503,7108,2022-04-01
297,Tlaxcala,Santa isabel xiloxoxtla,3,5,2022-Q2,60000.0,0.0,39.33910306845004,0.0,39.33910306845004,5084,2022-04-01
298,Tlaxcala,Teolocholco,1,2,2022-Q2,50000.0,0.0,8.289811821271657,0.0,8.289811821271657,24126,2022-04-01
299,Tlaxcala,Tetla de la solidaridad,11,16,2022-Q2,68750.0,0.0,0.0,0.0,0.0,32765,2022-04-01
300,Tlaxcala,Tlaxcala,9,20,2022-Q2,45000.0,0.0,18.01621459313382,0.0,18.01621459313382,99910,2022-04-01
301,Tlaxcala,Tocatlan,1,4,2022-Q2,25000.0,0.0,0.0,0.0,0.0,6008,2022-04-01
302,Tlaxcala,Totolac,2,4,2022-Q2,50000.0,0.0,17.7210703526493,0.0,17.7210703526493,22572,2022-04-01
303,Tlaxcala,Xaloztoc,6,8,2022-Q2,75000.0,0.0,0.0,0.0,0.0,23783,2022-04-01
304,Tlaxcala,Yauhquemehcan,3,7,2022-Q2,42857.142857142855,0.0,7.693491306354824,0.0,7.693491306354824,38994,2022-04-01
305,Tlaxcala,Zacatelco,9,12,2022-Q2,75000.0,0.0,9.104980424292087,0.0,9.104980424292087,43932,2022-04-01
306,Veracruz de ignacio de la llave,Boca del rio,25,42,2022-Q2,59523.80952380953,0.0,46.01012222688992,13.336267312142006,59.34638953903192,149967,2022-04-01
307,Veracruz de ignacio de la llave,Coatzacoalcos,123,139,2022-Q2,88489.20863309353,0.0,42.65234885857924,14.74014997318547,57.392498831764705,318857,2022-04-01
308,Veracruz de ignacio de la llave,Cosoleacaque,3,3,2022-Q2,100000.0,0.0,26.249556073684047,7.720457668730602,33.97001374241465,129526,2022-04-01
309,Veracruz de ignacio de la llave,Pueblo viejo,5,10,2022-Q2,50000.0,0.0,29.90693665007125,3.5184631353024995,33.42539978537375,56843,2022-04-01
310,Veracruz de ignacio de la llave,Veracruz,71,94,2022-Q2,75531.91489361702,0.49167109170649204,73.09510230036514,15.733474934607745,89.32024832667938,610164,2022-04-01
311,Veracruz de ignacio de la llave,Xalapa,93,125,2022-Q2,74400.0,0.19760229376742605,54.93343766734444,6.718477988092485,61.849517949204355,506067,2022-04-01
312,Yucatan,Kanasin,6,10,2022-Q2,60000.0,0.0,0.899814638184534,0.0,0.899814638184534,111134,2022-04-01
313,Yucatan,Merida,43,112,2022-Q2,38392.857142857145,0.0,3.06828954496208,0.0,3.06828954496208,945152,2022-04-01
314,Yucatan,Progreso,7,11,2022-Q2,63636.36363636363,0.0,1.6649462222370217,0.0,1.6649462222370217,60062,2022-04-01
315,Yucatan,Uman,3,7,2022-Q2,42857.142857142855,0.0,0.0,0.0,0.0,60275,2022-04-01
316,Zacatecas,Fresnillo,158,163,2022-Q2,96932.5153374233,0.4318609753148267,97.16871944583599,0.0,97.60058042115082,231556,2022-04-01
317,Zacatecas,Guadalupe,57,65,2022-Q2,87692.30769230769,0.0,120.14647422335752,0.0,120.14647422335752,191433,2022-04-01
318,Zacatecas,Zacatecas,74,77,2022-Q2,96103.8961038961,0.0,111.02639217732118,0.0,111.02639217732118,149514,2022-04-01
319,Aguascalientes,Aguascalientes,70,129,2022-Q3,54263.56589147286,0.0,18.607283804532155,0.3342625833149489,18.941546387847104,897498,2022-07-01
320,Aguascalientes,Jesus maria,5,6,2022-Q3,83333.33333333334,0.0,17.210222872386197,0.0,17.210222872386197,116210,2022-07-01
321,Baja california,Mexicali,106,137,2022-Q3,77372.26277372263,0.0,45.11429462682654,0.0,45.11429462682654,984167,2022-07-01
322,Baja california,Tijuana,95,124,2022-Q3,76612.90322580645,0.05780971700409235,30.11886255913211,0.0,30.176672276136205,1729813,2022-07-01
323,Baja california sur,La paz,57,132,2022-Q3,43181.818181818184,0.0,33.834475859837006,0.36776604195475004,34.20224190179176,271912,2022-07-01
324,Baja california sur,Los cabos,35,122,2022-Q3,28688.524590163932,0.0,42.724117764478045,0.35019768659408235,43.07431545107213,285553,2022-07-01
325,Campeche,Campeche,83,149,2022-Q3,55704.69798657718,0.6993838428344628,27.275969870544053,0.0,27.975353713378514,285966,2022-07-01
326,Campeche,Carmen,98,138,2022-Q3,71014.4927536232,0.0,7.185760359118941,0.0,7.185760359118941,236579,2022-07-01
327,Chiapas,Chiapa de corzo,8,11,2022-Q3,72727.27272727274,0.0,8.892314076533184,0.0,8.892314076533184,101211,2022-07-01
328,Chiapas,Tapachula,130,147,2022-Q3,88435.37414965987,0.28708738365783776,7.177184591445944,0.0,7.464271975103782,348326,2022-07-01
329,Chiapas,Tuxtla gutierrez,117,146,2022-Q3,80136.98630136986,0.0,4.950037620285914,0.0,4.950037620285914,606056,2022-07-01
330,Chihuahua,Chihuahua,92,151,2022-Q3,60927.1523178808,0.11105163679007464,32.98233612665217,0.33315491037022393,33.42654267381247,900482,2022-07-01
331,Chihuahua,Juarez,133,152,2022-Q3,87500.0,0.14065558160028074,54.50403787010878,0.14065558160028074,54.78534903330935,1421913,2022-07-01
332,Ciudad de mexico,Alvaro obregon,102,150,2022-Q3,68000.0,0.0,28.750274346925966,0.0,28.750274346925966,779123,2022-07-01
333,Ciudad de mexico,Azcapotzalco,112,142,2022-Q3,78873.23943661971,0.0,33.63884883374111,0.0,33.63884883374111,445913,2022-07-01
334,Ciudad de mexico,Benito juarez,27,126,2022-Q3,21428.571428571428,0.0,27.66057302731368,0.0,27.66057302731368,441061,2022-07-01
335,Ciudad de mexico,Coyoacan,85,153,2022-Q3,55555.555555555555,0.15307793810140494,35.20792576332314,0.0,35.36100370142454,653262,2022-07-01
336,Ciudad de mexico,Cuajimalpa de morelos,44,150,2022-Q3,29333.333333333332,0.0,28.870819647302707,0.0,28.870819647302707,211286,2022-07-01
337,Ciudad de mexico,Cuauhtemoc,94,134,2022-Q3,70149.25373134328,0.35395786839492493,39.11234445763921,0.0,39.46630232603413,565039,2022-07-01
338,Ciudad de mexico,Gustavo a. madero,99,150,2022-Q3,66000.0,0.0,31.780630318557925,0.0,31.780630318557925,1224016,2022-07-01
339,Ciudad de mexico,Iztacalco,106,140,2022-Q3,75714.28571428571,0.24146715443031863,45.63729218733022,0.0,45.878759341760535,414135,2022-07-01
340,Ciudad de mexico,Iztapalapa,110,148,2022-Q3,74324.32432432432,0.05311737931598626,29.161441244476457,0.0,29.214558623792442,1882623,2022-07-01
341,Ciudad de mexico,La magdalena contreras,90,137,2022-Q3,65693.4306569343,0.0,44.50062812833509,0.0,44.50062812833509,253929,2022-07-01
342,Ciudad de mexico,Miguel hidalgo,70,141,2022-Q3,49645.39007092199,0.23853539268889024,29.81692408611128,0.0,30.055459478800163,419225,2022-07-01
343,Ciudad de mexico,Milpa alta,88,150,2022-Q3,58666.666666666664,0.0,52.52100840336134,0.0,52.52100840336134,144704,2022-07-01
344,Ciudad de mexico,Tlahuac,116,142,2022-Q3,81690.14084507042,0.0,34.0928461844423,0.0,34.0928461844423,387178,2022-07-01
345,Ciudad de mexico,Tlalpan,91,141,2022-Q3,64539.00709219858,0.0,27.008624280184623,0.0,27.008624280184623,703479,2022-07-01
346,Ciudad de mexico,Venustiano carranza,81,151,2022-Q3,53642.384105960264,0.0,33.19498473681584,0.0,33.19498473681584,460913,2022-07-01
347,Ciudad de mexico,Xochimilco,102,141,2022-Q3,72340.4255319149,0.2291328695684053,38.494322087492094,0.0,38.7234549570605,436428,2022-07-01
348,Coahuila de zaragoza,Matamoros,3,10,2022-Q3,30000.0,0.0,26.442900962521595,0.0,26.442900962521595,113452,2022-07-01
349,Coahuila de zaragoza,Nava,2,4,2022-Q3,50000.0,0.0,43.01644551801727,0.0,43.01644551801727,30221,2022-07-01
350,Coahuila de zaragoza,Piedras negras,45,140,2022-Q3,32142.857142857145,0.0,34.142594105525,0.0,34.142594105525,164018,2022-07-01
351,Coahuila de zaragoza,Ramos arizpe,4,11,2022-Q3,36363.63636363637,0.0,0.0,0.0,0.0,96680,2022-07-01
352,Coahuila de zaragoza,Saltillo,39,127,2022-Q3,30708.661417322837,0.0,49.50966861941051,0.0,49.50966861941051,807923,2022-07-01
353,Coahuila de zaragoza,Torreon,36,74,2022-Q3,48648.648648648654,0.0,40.19586872603501,0.0,40.19586872603501,696589,2022-07-01
354,Colima,Colima,52,62,2022-Q3,83870.96774193548,0.0,75.52435020257167,0.0,75.52435020257167,156241,2022-07-01
355,Colima,Manzanillo,115,143,2022-Q3,80419.58041958042,0.0,45.937377712999144,0.0,45.937377712999144,176327,2022-07-01
356,Colima,Villa de alvarez,72,79,2022-Q3,91139.24050632911,0.0,65.46432913450403,0.0,65.46432913450403,139007,2022-07-01
357,Durango,Durango,63,148,2022-Q3,42567.56756756757,0.0,37.47036782136576,0.0,37.47036782136576,653850,2022-07-01
358,Durango,Gomez palacio,27,37,2022-Q3,72972.97297297297,0.2821176882148157,30.750828015414914,0.0,31.032945703629725,354462,2022-07-01
359,Durango,Lerdo,12,14,2022-Q3,85714.28571428571,0.6503515149938541,24.71335756976646,0.0,25.363709084760313,153763,2022-07-01
360,Guanajuato,Guanajuato,128,173,2022-Q3,73988.43930635838,0.0,43.308105481644226,0.0,43.308105481644226,189341,2022-07-01
361,Guanajuato,Irapuato,147,153,2022-Q3,96078.43137254902,0.0,35.71187107667824,0.0,35.71187107667824,576839,2022-07-01
362,Guanajuato,Leon,118,146,2022-Q3,80821.91780821918,0.0,16.84023710556716,0.0,16.84023710556716,1609241,2022-07-01
363,Guanajuato,Purisima del rincon,3,4,2022-Q3,75000.0,0.0,7.739838237380839,0.0,7.739838237380839,77521,2022-07-01
364,Guanajuato,San francisco del rincon,10,12,2022-Q3,83333.33333333334,0.0,11.161337128187956,0.0,11.161337128187956,125433,2022-07-01
365,Guerrero,Acapulco de juarez,101,133,2022-Q3,75939.84962406015,0.0,15.819156385236925,2.329953266042648,18.149109651279574,815467,2022-07-01
366,Guerrero,Chilpancingo de los bravo,121,149,2022-Q3,81208.05369127517,0.0,23.62510949329592,2.1807793378427003,25.805888831138624,275131,2022-07-01
367,Guerrero,Zihuatanejo de azueta,100,146,2022-Q3,68493.1506849315,0.0,12.051968086388507,0.0,12.051968086388507,124461,2022-07-01
368,Hidalgo,Mineral de la reforma,27,41,2022-Q3,65853.65853658537,0.0,20.812496748047383,0.0,20.812496748047383,172973,2022-07-01
369,Hidalgo,Pachuca de soto,51,102,2022-Q3,50000.0,0.0,27.832533284435392,0.0,27.832533284435392,305398,2022-07-01
370,Jalisco,Guadalajara,130,150,2022-Q3,86666.66666666667,0.0,14.501305451622109,0.0,14.501305451622109,1496417,2022-07-01
371,Jalisco,Puerto vallarta,49,134,2022-Q3,36567.164179104475,0.0,16.13163413453783,0.0,16.13163413453783,272756,2022-07-01
372,Jalisco,San pedro tlaquepaque,101,134,2022-Q3,75373.13432835821,0.0,14.318507585000907,0.0,14.318507585000907,656493,2022-07-01
373,Jalisco,Tlajomulco de zuniga,100,138,2022-Q3,72463.76811594203,0.0,21.834212478079145,0.0,21.834212478079145,577076,2022-07-01
374,Jalisco,Tonala,121,151,2022-Q3,80132.45033112583,0.0,16.23172021861263,0.0,16.23172021861263,523666,2022-07-01
375,Jalisco,Zapopan,97,147,2022-Q3,65986.39455782312,0.0,12.502263340777208,0.0,12.502263340777208,1391748,2022-07-01
376,Mexico,Almoloya de juarez,4,4,2022-Q3,100000.0,0.0,21.69506654186838,0.6198590440533822,22.314925585921763,161327,2022-07-01
377,Mexico,Atizapan de zaragoza,101,146,2022-Q3,69178.08219178082,0.0,13.216922257680181,0.7661983917495757,13.983120649429756,522058,2022-07-01
378,Mexico,Chimalhuacan,126,145,2022-Q3,86896.55172413793,0.0,12.188270127739015,1.3377369652396482,13.526007092978665,672778,2022-07-01
379,Mexico,Cuautitlan izcalli,121,142,2022-Q3,85211.2676056338,0.0,18.386033895836746,1.6383594560646606,20.02439335190141,549330,2022-07-01
380,Mexico,Ecatepec de morelos,125,145,2022-Q3,86206.89655172413,0.0,10.905016130581968,0.9431365302124944,11.848152660794463,1696467,2022-07-01
381,Mexico,Lerma,5,7,2022-Q3,71428.57142857143,0.0,12.945905533727322,1.941885830059098,14.887791363786418,154489,2022-07-01
382,Mexico,Metepec,17,20,2022-Q3,85000.0,0.0,19.37551861102804,1.2636207789800895,20.63913939000813,237413,2022-07-01
383,Mexico,Naucalpan de juarez,127,140,2022-Q3,90714.28571428571,0.0,15.684105843316944,1.2779641798258252,16.96207002314277,860744,2022-07-01
384,Mexico,Nezahualcoyotl,114,147,2022-Q3,77551.02040816327,0.0,13.617376479784385,1.06109427115203,14.678470750936414,1130908,2022-07-01
385,Mexico,San mateo atenco,3,5,2022-Q3,60000.0,0.0,13.805957270562248,0.0,13.805957270562248,86919,2022-07-01
386,Mexico,Tlalnepantla de baz,124,153,2022-Q3,81045.75163398693,0.0,8.579783993031471,1.3087806091064955,9.888564602137967,687663,2022-07-01
387,Mexico,Toluca,71,82,2022-Q3,86585.36585365854,0.0,20.085698982324583,3.236029280485628,23.32172826281021,896160,2022-07-01
388,Mexico,Zinacantepec,19,20,2022-Q3,95000.0,0.0,13.683058268777366,2.631357359380263,16.31441562815763,190016,2022-07-01
389,Michoacan de ocampo,Lazaro cardenas,76,143,2022-Q3,53146.853146853144,0.0,4.784307471493501,0.0,4.784307471493501,188115,2022-07-01
390,Michoacan de ocampo,Morelia,126,150,2022-Q3,84000.0,0.24324715492046428,6.567673182852535,0.0,6.810920337772999,822209,2022-07-01
391,Michoacan de ocampo,Uruapan,141,160,2022-Q3,88125.0,0.0,0.2878658775303411,0.0,0.2878658775303411,347384,2022-07-01
392,Morelos,Cuernavaca,47,58,2022-Q3,81034.48275862068,0.0,27.55003647828904,0.0,27.55003647828904,392014,2022-07-01
393,Morelos,Emiliano zapata,15,20,2022-Q3,75000.0,0.0,35.79866828953963,0.0,35.79866828953963,97769,2022-07-01
394,Morelos,Jiutepec,24,35,2022-Q3,68571.42857142857,0.0,24.71726710971202,0.0,24.71726710971202,214425,2022-07-01
395,Morelos,Temixco,15,16,2022-Q3,93750.0,0.0,29.404598879264714,0.0,29.404598879264714,119029,2022-07-01
396,Morelos,Xochitepec,7,8,2022-Q3,87500.0,0.0,28.00294767870302,0.0,28.00294767870302,67850,2022-07-01
397,Nayarit,Tepic,65,145,2022-Q3,44827.58620689655,0.0,9.422247133462506,0.0,9.422247133462506,413914,2022-07-01
398,Nayarit,Xalisco,5,14,2022-Q3,35714.28571428572,0.0,0.0,0.0,0.0,58572,2022-07-01
399,Nuevo leon,Apodaca,64,143,2022-Q3,44755.244755244756,0.0,32.139663935365085,0.0,32.139663935365085,584947,2022-07-01
400,Nuevo leon,General escobedo,85,138,2022-Q3,61594.20289855072,0.0,44.88104124015677,0.0,44.88104124015677,416657,2022-07-01
401,Nuevo leon,Guadalupe,83,148,2022-Q3,56081.08108108109,0.15027989630687155,30.20625915768118,0.0,30.356539053988055,665425,2022-07-01
402,Nuevo leon,Monterrey,96,120,2022-Q3,80000.0,0.0,32.2025409627605,0.0,32.2025409627605,1152083,2022-07-01
403,Nuevo leon,San nicolas de los garza,48,132,2022-Q3,36363.63636363637,0.0,22.392693979597254,0.0,22.392693979597254,433177,2022-07-01
404,Nuevo leon,San pedro garza garcia,20,130,2022-Q3,15384.615384615385,0.0,28.22760362501857,0.0,28.22760362501857,134620,2022-07-01
405,Nuevo leon,Santa catarina,85,120,2022-Q3,70833.33333333334,0.0,36.770827551756675,0.0,36.770827551756675,288272,2022-07-01
406,Oaxaca,Animas trujano,3,3,2022-Q3,100000.0,0.0,22.89901534234028,0.0,22.89901534234028,4367,2022-07-01
407,Oaxaca,Oaxaca de juarez,74,88,2022-Q3,84090.90909090909,0.0,34.613690238939355,0.0,34.613690238939355,286014,2022-07-01
408,Oaxaca,San agustin de las juntas,2,4,2022-Q3,50000.0,0.0,29.94908655286014,0.0,29.94908655286014,10017,2022-07-01
409,Oaxaca,San agustin yatareni,1,2,2022-Q3,50000.0,0.0,39.29273084479371,0.0,39.29273084479371,5090,2022-07-01
410,Oaxaca,San andres huayapam,1,3,2022-Q3,33333.33333333333,0.0,17.0590242238144,0.0,17.0590242238144,5862,2022-07-01
411,Oaxaca,San antonio de la cal,2,3,2022-Q3,66666.66666666666,0.0,35.66616469842276,0.0,35.66616469842276,25234,2022-07-01
412,Oaxaca,San pablo etla,2,2,2022-Q3,100000.0,0.0,0.0,0.0,0.0,17188,2022-07-01
413,Oaxaca,San sebastian tutla,5,6,2022-Q3,83333.33333333334,0.0,22.348865795060902,0.0,22.348865795060902,17898,2022-07-01
414,Oaxaca,Santa cruz amilpas,3,5,2022-Q3,60000.0,0.0,16.149870801033593,0.0,16.149870801033593,12384,2022-07-01
415,Oaxaca,Santa cruz xoxocotlan,20,28,2022-Q3,71428.57142857143,0.0,30.72131529603695,0.0,30.72131529603695,94397,2022-07-01
416,Oaxaca,Santa lucia del camino,7,14,2022-Q3,50000.0,0.0,25.646084040244624,0.0,25.646084040244624,50690,2022-07-01
417,Oaxaca,Santa maria atzompa,1,2,2022-Q3,50000.0,0.0,24.71916284435167,0.0,24.71916284435167,36409,2022-07-01
418,Oaxaca,Santa maria del tule,5,7,2022-Q3,71428.57142857143,0.0,10.856584518510477,0.0,10.856584518510477,9211,2022-07-01
419,Oaxaca,Tlalixtac de cabrera,5,5,2022-Q3,100000.0,0.0,35.52713384847677,0.0,35.52713384847677,11259,2022-07-01
420,Puebla,Amozoc,10,10,2022-Q3,100000.0,0.0,20.6428528422628,0.0,20.6428528422628,116263,2022-07-01
421,Puebla,Cuautlancingo,4,5,2022-Q3,80000.0,0.0,15.293133383110984,0.0,15.293133383110984,111161,2022-07-01
422,Puebla,Juan c. bonilla,2,2,2022-Q3,100000.0,0.0,22.761414849547048,0.0,22.761414849547048,21967,2022-07-01
423,Puebla,Puebla,98,127,2022-Q3,77165.35433070865,0.0,14.512816594132202,0.0,14.512816594132202,1688163,2022-07-01
424,Puebla,San andres cholula,4,4,2022-Q3,100000.0,0.0,15.913310347440609,0.0,15.913310347440609,131965,2022-07-01
425,Puebla,San pedro cholula,11,12,2022-Q3,91666.66666666666,0.0,12.60566513421326,0.0,12.60566513421326,134860,2022-07-01
426,Queretaro,Corregidora,12,22,2022-Q3,54545.454545454544,0.0,10.369198024394903,1.637241793325511,12.006439817720413,183235,2022-07-01
427,Queretaro,Queretaro,68,116,2022-Q3,58620.689655172406,0.10551584056556491,27.53963438761244,4.853728666015986,32.498878894193986,947725,2022-07-01
428,Quintana roo,Benito juarez,120,138,2022-Q3,86956.52173913043,0.0,31.85985773545784,0.0,31.85985773545784,778409,2022-07-01
429,Quintana roo,Othon p. blanco,104,141,2022-Q3,73758.86524822694,0.0,36.89899211854112,0.0,36.89899211854112,241199,2022-07-01
430,San luis potosi,San luis potosi,84,97,2022-Q3,86597.9381443299,0.0,42.56871807346145,0.0,42.56871807346145,871532,2022-07-01
431,San luis potosi,Soledad de graciano sanchez,34,42,2022-Q3,80952.38095238095,0.0,35.6887937187723,0.0,35.6887937187723,308220,2022-07-01
432,Sinaloa,Ahome,43,149,2022-Q3,28859.060402684565,0.0,19.332011563240403,0.0,19.332011563240403,444858,2022-07-01
433,Sinaloa,Culiacan,90,149,2022-Q3,60402.68456375839,0.10541684455759187,23.71879002545817,0.0,23.82420687001576,948615,2022-07-01
434,Sinaloa,Mazatlan,68,132,2022-Q3,51515.15151515151,0.0,6.691368970449242,0.0,6.691368970449242,478228,2022-07-01
435,Sonora,Cajeme,122,129,2022-Q3,94573.64341085272,0.23337604114886357,18.43670725076022,0.0,18.670083291909087,428493,2022-07-01
436,Sonora,Hermosillo,99,144,2022-Q3,68750.0,0.0,18.363167669667533,0.0,18.363167669667533,860418,2022-07-01
437,Sonora,Nogales,72,131,2022-Q3,54961.83206106871,0.41404609989276203,16.14779789581772,0.0,16.561843995710483,241519,2022-07-01
438,Tabasco,Centro,98,133,2022-Q3,73684.21052631579,0.0,47.92845029878332,0.0,47.92845029878332,682267,2022-07-01
439,Tabasco,Nacajuca,6,10,2022-Q3,60000.0,0.0,38.269342576851464,0.0,38.269342576851464,135879,2022-07-01
440,Tamaulipas,Altamira,9,36,2022-Q3,25000.0,0.0,18.116986321675327,0.0,18.116986321675327,242866,2022-07-01
441,Tamaulipas,Ciudad madero,8,36,2022-Q3,22222.222222222223,0.0,27.076198121766886,0.0,27.076198121766886,210517,2022-07-01
442,Tamaulipas,Nuevo laredo,81,143,2022-Q3,56643.356643356645,0.0,9.543665942326893,0.0,9.543665942326893,408648,2022-07-01
443,Tamaulipas,Reynosa,89,122,2022-Q3,72950.81967213115,0.0,24.869435463814973,0.0,24.869435463814973,659444,2022-07-01
444,Tamaulipas,Tampico,18,62,2022-Q3,29032.258064516132,0.0,17.68346595932803,0.0,17.68346595932803,311025,2022-07-01
445,Tamaulipas,Victoria,74,144,2022-Q3,51388.88888888888,0.0,32.149684295892946,0.0,32.149684295892946,345260,2022-07-01
446,Tlaxcala,Apetatitlan de antonio carvajal,2,4,2022-Q3,50000.0,0.0,6.581112207963146,0.0,6.581112207963146,15195,2022-07-01
447,Tlaxcala,Apizaco,10,16,2022-Q3,62500.0,0.0,1.2124004316145536,0.0,1.2124004316145536,82481,2022-07-01
448,Tlaxcala,Chiautempan,2,3,2022-Q3,66666.66666666666,0.0,0.0,0.0,0.0,72462,2022-07-01
449,Tlaxcala,Contla de juan cuamatzi,3,5,2022-Q3,60000.0,0.0,2.65188681747063,0.0,2.65188681747063,37709,2022-07-01
450,Tlaxcala,Mazatecochco de jose maria morelos,6,6,2022-Q3,100000.0,0.0,0.0,0.0,0.0,10749,2022-07-01
451,Tlaxcala,Nativitas,3,4,2022-Q3,75000.0,0.0,7.729468599033816,0.0,7.729468599033816,25875,2022-07-01
452,Tlaxcala,Panotla,3,4,2022-Q3,75000.0,0.0,10.716964955524595,0.0,10.716964955524595,27993,2022-07-01
453,Tlaxcala,Papalotla de xicohtencatl,3,8,2022-Q3,37500.0,0.0,0.0,0.0,0.0,31345,2022-07-01
454,Tlaxcala,San damian texoloc,1,2,2022-Q3,50000.0,0.0,0.0,0.0,0.0,5518,2022-07-01
455,Tlaxcala,San francisco tetlanohcan,2,3,2022-Q3,66666.66666666666,0.0,0.0,0.0,0.0,11219,2022-07-01
456,Tlaxcala,San jeronimo zacualpan,1,4,2022-Q3,25000.0,0.0,0.0,0.0,0.0,4052,2022-07-01
457,Tlaxcala,San juan huactzinco,2,3,2022-Q3,66666.66666666666,0.0,0.0,0.0,0.0,7611,2022-07-01
458,Tlaxcala,San pablo del monte,6,11,2022-Q3,54545.454545454544,0.0,1.295001295001295,0.0,1.295001295001295,77220,2022-07-01
459,Tlaxcala,Santa cruz quilehtla,1,3,2022-Q3,33333.33333333333,0.0,0.0,0.0,0.0,7108,2022-07-01
460,Tlaxcala,Santa isabel xiloxoxtla,3,5,2022-Q3,60000.0,0.0,0.0,0.0,0.0,5084,2022-07-01
461,Tlaxcala,Teolocholco,3,3,2022-Q3,100000.0,0.0,0.0,0.0,0.0,24126,2022-07-01
462,Tlaxcala,Tetla de la solidaridad,13,19,2022-Q3,68421.05263157895,0.0,0.0,0.0,0.0,32765,2022-07-01
463,Tlaxcala,Tlaxcala,10,14,2022-Q3,71428.57142857143,0.0,8.007206485837253,0.0,8.007206485837253,99910,2022-07-01
464,Tlaxcala,Tocatlan,2,4,2022-Q3,50000.0,0.0,0.0,0.0,0.0,6008,2022-07-01
465,Tlaxcala,Totolac,4,9,2022-Q3,44444.444444444445,0.0,0.0,0.0,0.0,22572,2022-07-01
466,Tlaxcala,Xaloztoc,6,8,2022-Q3,75000.0,0.0,0.0,0.0,0.0,23783,2022-07-01
467,Tlaxcala,Yauhquemehcan,2,6,2022-Q3,33333.33333333333,0.0,2.5644971021182745,0.0,2.5644971021182745,38994,2022-07-01
468,Tlaxcala,Zacatelco,10,12,2022-Q3,83333.33333333334,0.0,4.5524902121460435,0.0,4.5524902121460435,43932,2022-07-01
469,Veracruz de ignacio de la llave,Boca del rio,30,40,2022-Q3,75000.0,0.0,17.337147505784607,1.3336267312142005,18.670774236998806,149967,2022-07-01
470,Veracruz de ignacio de la llave,Coatzacoalcos,105,125,2022-Q3,84000.0,0.0,13.799289336599164,5.017923395126969,18.817212731726134,318857,2022-07-01
471,Veracruz de ignacio de la llave,Cosoleacaque,4,4,2022-Q3,100000.0,0.0,8.492503435603663,2.316137300619181,10.808640736222843,129526,2022-07-01
472,Veracruz de ignacio de la llave,Panuco,1,1,2022-Q3,100000.0,0.0,17.364835187284857,4.0858435734787895,21.450678760763644,97899,2022-07-01
473,Veracruz de ignacio de la llave,Pueblo viejo,7,12,2022-Q3,58333.333333333336,0.0,10.5553894059075,0.0,10.5553894059075,56843,2022-07-01
474,Veracruz de ignacio de la llave,Veracruz,70,100,2022-Q3,70000.0,0.163890363902164,23.108541310205126,3.1139169141411163,26.386348588248406,610164,2022-07-01
475,Veracruz de ignacio de la llave,Xalapa,83,117,2022-Q3,70940.17094017094,0.0,15.808183501394085,1.7784206439068346,17.586604145300917,506067,2022-07-01
476,Yucatan,Kanasin,9,13,2022-Q3,69230.76923076923,0.0,0.899814638184534,0.0,0.899814638184534,111134,2022-07-01
477,Yucatan,Merida,32,104,2022-Q3,30769.23076923077,0.0,0.9522277898158179,0.0,0.9522277898158179,945152,2022-07-01
478,Yucatan,Progreso,10,14,2022-Q3,71428.57142857143,0.0,1.6649462222370217,0.0,1.6649462222370217,60062,2022-07-01
479,Yucatan,Uman,1,3,2022-Q3,33333.33333333333,0.0,1.6590626296142679,0.0,1.6590626296142679,60275,2022-07-01
480,Zacatecas,Fresnillo,145,155,2022-Q3,93548.38709677418,0.0,31.95771217329717,0.0,31.95771217329717,231556,2022-07-01
481,Zacatecas,Guadalupe,63,73,2022-Q3,86301.3698630137,0.0,28.20830264374481,0.0,28.20830264374481,191433,2022-07-01
482,Zacatecas,Zacatecas,76,79,2022-Q3,96202.53164556962,0.0,50.16252658613909,0.0,50.16252658613909,149514,2022-07-01
